term,label,beta,se,ci_low,ci_high
setting_outpatient,外来導入,1.4158247822436822,0.011931930197514177,1.3924381990565544,1.43921136543081
visit_once_weekly,最初6週間が週1回通院,0.3936758301218766,0.008924935824478635,0.3761829559058985,0.41116870433785474
support_visit_nurse,訪問看護・電話支援あり,0.7517634199410801,0.01627416180204314,0.7198660628090755,0.7836607770730847
daily_simple_check,毎日の確認が簡易,0.33049098676391064,0.039233726438306166,0.25359288294483057,0.4073890905829907
blood_place_choice,採血場所を選べる,0.3938884149115013,0.010587012551607385,0.37313787031035084,0.41463895951265173
hospital_switch,異常時は入院切替あり,-0.5374069201582724,0.012559890249854055,-0.5620243050479864,-0.5127895352685584
