term,label,beta,se,ci_low,ci_high
setting_outpatient,外来導入（入院ではなく）,1.3386392607614237,0.10206484135788742,1.1385921716999643,1.538686349822883
visit_once_weekly,外来開始時の週1回通院（週2回ではなく）,0.5706862158830326,0.13172722720002022,0.31250085057099297,0.8288715811950722
support_visit_nurse,外来開始時の訪問看護・電話支援あり,0.6697272877804309,0.10445672878945748,0.4649920993530942,0.8744624762077675
daily_simple_check,外来開始時の毎日の確認が簡易,0.22826068613758774,0.10206484132634619,0.028213597137949215,0.4283077751372263
blood_place_choice,外来開始時に採血場所を選べる,0.48907225865913495,0.1053640285711955,0.2825587626595918,0.6955857546586781
hospital_switch,外来開始中の異常時は入院切替あり,-0.5981159808393524,0.09805056070984408,-0.7902950798306467,-0.405936881848058
