term,label,beta,se,ci_low,ci_high
setting_outpatient,外来導入（入院ではなく）,1.754771284630768,0.1644901786690637,1.432370534439403,2.0771720348221328
visit_once_weekly,外来開始時の週1回通院（週2回ではなく）,0.09829447411900465,0.13908292956861945,-0.17430806783548947,0.3708970160734988
support_visit_nurse,外来開始時の訪問看護・電話支援あり,0.4571175187298861,0.18537638141026325,0.09377981116577017,0.820455226294002
daily_simple_check,外来開始時の毎日の確認が簡易,0.05028879605138419,0.13950198164329236,-0.22313508796946885,0.32371268007223725
blood_place_choice,外来開始時に採血場所を選べる,0.5310673099298615,0.13383373355404898,0.2687531921639255,0.7933814276957976
hospital_switch,外来開始中の異常時は入院切替あり,-0.5236990382428707,0.2040573670950067,-0.9236514777490838,-0.12374659873665755
