term,label,beta,se,ci_low,ci_high
setting_outpatient,外来導入,1.319789535398107,0.0033687580616180604,1.3131867695973356,1.3263923011988785
visit_once_weekly,最初6週間が週1回通院,0.39069897427857425,0.006237203970279981,0.3784740544968255,0.40292389406032303
support_visit_nurse,訪問看護・電話支援あり,0.640801016726305,0.005753349443300241,0.6295244518174364,0.6520775816351735
daily_simple_check,毎日の確認が簡易,0.37888884271962153,0.0023120655692574947,0.37435719420387686,0.3834204912353662
blood_place_choice,採血場所を選べる,0.07677817842963365,0.004030273395121889,0.06887884257519475,0.08467751428407255
hospital_switch,異常時は入院切替あり,-0.4787613144452499,0.007439297283603454,-0.49334233712111264,-0.46418029176938713
