term,label,beta,se,ci_low,ci_high
setting_outpatient,外来導入,1.3431582854810737,0.07403080264193938,1.1980579123028725,1.488258658659275
visit_once_weekly,最初6週間が週1回通院,0.27920079872575193,0.08866888723847147,0.10540977973834786,0.452991817713156
support_visit_nurse,訪問看護・電話支援あり,0.5198097360374287,0.09305880413989227,0.3374144799232399,0.7022049921516176
daily_simple_check,毎日の確認が簡易,0.32006631922377843,0.10320280798428487,0.1177888155745801,0.5223438228729768
blood_place_choice,採血場所を選べる,0.28173313396954996,0.06203722919485345,0.1601401647476372,0.4033261031914627
hospital_switch,異常時は入院切替あり,-0.4019485054664729,0.08241492050778451,-0.5634817496617306,-0.2404152612712153
