term,label,beta,se,ci_low,ci_high
setting_outpatient,外来導入（入院ではなく）,1.3016926467274026,0.15629316045568423,0.9953580522342615,1.6080272412205436
visit_once_weekly,外来開始時の週1回通院（週2回ではなく）,0.44773181805977913,0.10724316125313399,0.23753522200363653,0.6579284141159217
support_visit_nurse,外来開始時の訪問看護・電話支援あり,0.5142135768256422,0.19970868086067933,0.12278456233871071,0.9056425913125736
daily_simple_check,外来開始時の毎日の確認が簡易,0.31461723879225784,0.08152796373785873,0.15482242986605474,0.4744120477184609
blood_place_choice,外来開始時に採血場所を選べる,0.4111177283332028,0.05392399354971842,0.3054267009757547,0.5168087556906509
hospital_switch,外来開始中の異常時は入院切替あり,-0.27979277472779496,0.18661106413957143,-0.6455504604413549,0.08596491098576503
