term,label,beta,se,ci_low,ci_high
setting_outpatient,外来導入,1.6047134720254583,0.0757407933997941,1.4562615169618618,1.7531654270890549
visit_once_weekly,最初6週間が週1回通院,0.4165271611064039,0.05821733529173663,0.30242118393460016,0.5306331382782077
support_visit_nurse,訪問看護・電話支援あり,0.6234673946579714,0.03914717076968431,0.5467389399493902,0.7001958493665527
daily_simple_check,毎日の確認が簡易,0.1792052923310277,0.08339661781500182,0.015747921413624133,0.34266266324843125
blood_place_choice,採血場所を選べる,0.3650529094154866,0.07979823156583371,0.20864837554645255,0.5214574432845207
hospital_switch,異常時は入院切替あり,-0.5015279014884243,0.042352528892980475,-0.584538858118666,-0.4185169448581826
