term,label,beta,se,ci_low,ci_high
setting_outpatient,外来導入（入院ではなく）,1.3223128113525104,0.1753318825445869,0.9786623215651201,1.6659633011399007
visit_once_weekly,外来開始時の週1回通院（週2回ではなく）,0.5610681739422329,0.07731220449161037,0.40953625313867653,0.7126000947457891
support_visit_nurse,外来開始時の訪問看護・電話支援あり,0.6958774249715464,0.23287483290035188,0.2394427524868567,1.152312097456236
daily_simple_check,外来開始時の毎日の確認が簡易,0.35550232729851655,0.06237984455788904,0.23323783196505404,0.47776682263197906
blood_place_choice,外来開始時に採血場所を選べる,0.2127205918661984,0.09069666628095979,0.034955125955517224,0.3904860577768796
hospital_switch,外来開始中の異常時は入院切替あり,-0.51941965534167,0.10165461878849247,-0.7186627081671153,-0.32017660251622476
