term,label,beta,se,ci_low,ci_high
setting_outpatient,外来導入,1.4920055850488698,0.25039731601154686,1.0012268456662379,1.9827843244315018
visit_once_weekly,最初6週間が週1回通院,0.4975442957877739,0.027864229869941557,0.44293040524268845,0.5521581863328594
support_visit_nurse,訪問看護・電話支援あり,0.5120272053437531,0.2029818534259073,0.1141827726289748,0.9098716380585314
daily_simple_check,毎日の確認が簡易,0.29398638644488345,0.04807182558327587,0.19976560830166273,0.38820716458810417
blood_place_choice,採血場所を選べる,0.262767594130521,0.004510950416512294,0.25392613131415687,0.2716090569468851
hospital_switch,異常時は入院切替あり,-0.6033562949556713,0.11655736633732783,-0.8318087329768339,-0.3749038569345088
