term,label,beta,se,ci_low,ci_high
setting_outpatient,外来導入（入院ではなく）,1.3186767243308006,0.047356412950965716,1.2258581549469079,1.4114952937146934
visit_once_weekly,外来開始時の週1回通院（週2回ではなく）,0.5846873629301107,0.0762653223394118,0.43520733114486354,0.7341673947153579
support_visit_nurse,外来開始時の訪問看護・電話支援あり,0.6907930329293102,0.03446114767644181,0.6232491834834842,0.7583368823751361
daily_simple_check,外来開始時の毎日の確認が簡易,0.1680137907220218,0.09828112520099665,-0.02461721467193162,0.3606447961159752
blood_place_choice,外来開始時に採血場所を選べる,0.21605797554936698,0.016662905365061587,0.18339868103384627,0.2487172700648877
hospital_switch,外来開始中の異常時は入院切替あり,-0.4312386376974551,0.03160480162700096,-0.49318404888637696,-0.3692932265085332
